{
  "CNN-Only": {
    "accuracy_mean": 0.8487434248977207,
    "accuracy_std": 0.03857729826104357,
    "accuracy_values": [
      0.864406779661017,
      0.8793103448275862,
      0.8793103448275862,
      0.7758620689655172,
      0.8448275862068966
    ],
    "f1_mean": 0.8500250626566416,
    "f1_std": 0.03975591510200816,
    "f1_values": [
      0.8666666666666667,
      0.8771929824561403,
      0.8771929824561403,
      0.7719298245614035,
      0.8571428571428571
    ],
    "precision_mean": 0.8408511791813499,
    "precision_std": 0.04612575547638874,
    "precision_values": [
      0.8387096774193549,
      0.8928571428571429,
      0.8928571428571429,
      0.7857142857142857,
      0.7941176470588235
    ],
    "recall_mean": 0.8620689655172414,
    "recall_std": 0.05770069148510867,
    "recall_values": [
      0.896551724137931,
      0.8620689655172413,
      0.8620689655172413,
      0.7586206896551724,
      0.9310344827586207
    ],
    "auc_mean": 0.909456995640111,
    "auc_std": 0.04416619065169866,
    "auc_values": [
      0.9218390804597701,
      0.9167657550535078,
      0.9488703923900119,
      0.8240190249702735,
      0.9357907253269917
    ]
  },
  "CNN+LSTM": {
    "accuracy_mean": 0.876271186440678,
    "accuracy_std": 0.04552424107554128,
    "accuracy_values": [
      0.8813559322033898,
      0.896551724137931,
      0.8793103448275862,
      0.7931034482758621,
      0.9310344827586207
    ],
    "f1_mean": 0.8775410277105193,
    "f1_std": 0.04216352497921735,
    "f1_values": [
      0.8888888888888888,
      0.8888888888888888,
      0.8813559322033898,
      0.8,
      0.9285714285714286
    ],
    "precision_mean": 0.8774705179562865,
    "precision_std": 0.07458226618020956,
    "precision_values": [
      0.8235294117647058,
      0.96,
      0.8666666666666667,
      0.7741935483870968,
      0.9629629629629629
    ],
    "recall_mean": 0.8827586206896552,
    "recall_std": 0.051609067403778526,
    "recall_values": [
      0.9655172413793104,
      0.8275862068965517,
      0.896551724137931,
      0.8275862068965517,
      0.896551724137931
    ],
    "auc_mean": 0.9444272691240586,
    "auc_std": 0.0312021545852914,
    "auc_values": [
      0.9373563218390805,
      0.9346016646848989,
      0.9690844233055885,
      0.8953626634958383,
      0.985731272294887
    ]
  },
  "ST-ViT (Ours)": {
    "accuracy_mean": 0.8900642898889538,
    "accuracy_std": 0.03860597645423186,
    "accuracy_values": [
      0.8813559322033898,
      0.896551724137931,
      0.896551724137931,
      0.8275862068965517,
      0.9482758620689655
    ],
    "f1_mean": 0.8862075150210744,
    "f1_std": 0.04282748432400362,
    "f1_values": [
      0.8813559322033898,
      0.8928571428571429,
      0.8928571428571429,
      0.8148148148148148,
      0.9491525423728814
    ],
    "precision_mean": 0.9063703703703704,
    "precision_std": 0.027435821107366015,
    "precision_values": [
      0.8666666666666667,
      0.9259259259259259,
      0.9259259259259259,
      0.88,
      0.9333333333333333
    ],
    "recall_mean": 0.8689655172413794,
    "recall_std": 0.06686454975746664,
    "recall_values": [
      0.896551724137931,
      0.8620689655172413,
      0.8620689655172413,
      0.7586206896551724,
      0.9655172413793104
    ],
    "auc_mean": 0.9610146650812526,
    "auc_std": 0.023112130860044225,
    "auc_values": [
      0.9632183908045977,
      0.9464922711058263,
      0.985731272294887,
      0.925089179548157,
      0.9845422116527943
    ]
  },
  "ViT-Only": {
    "accuracy_mean": 0.8590298071303332,
    "accuracy_std": 0.056184682988613094,
    "accuracy_values": [
      0.8813559322033898,
      0.9137931034482759,
      0.8103448275862069,
      0.7758620689655172,
      0.9137931034482759
    ],
    "f1_mean": 0.8575463353529157,
    "f1_std": 0.06416998274546076,
    "f1_values": [
      0.8813559322033898,
      0.9152542372881356,
      0.8307692307692308,
      0.7450980392156863,
      0.9152542372881356
    ],
    "precision_mean": 0.8560606060606061,
    "precision_std": 0.055281232732079424,
    "precision_values": [
      0.8666666666666667,
      0.9,
      0.75,
      0.8636363636363636,
      0.9
    ],
    "recall_mean": 0.8689655172413794,
    "recall_std": 0.10772758173664351,
    "recall_values": [
      0.896551724137931,
      0.9310344827586207,
      0.9310344827586207,
      0.6551724137931034,
      0.9310344827586207
    ],
    "auc_mean": 0.9661434799841458,
    "auc_std": 0.028376881222630792,
    "auc_values": [
      0.9781609195402299,
      0.9774078478002377,
      0.9726516052318668,
      0.910820451843044,
      0.9916765755053508
    ]
  }
}